"","SPP2","familiarity","forage_impact","forage_uncertainty","livestock_impact","livestock_uncertainty","water_impact","water_uncertainty","wildfood_impact","wildfood_uncertainty","forest_product_impact","forest_product_uncertainty","pollination_impact","pollination_uncertainty","eco_integrity_impact","eco_integrity_uncertainty","biodiversity_impact","biodiversity_uncertainty","scale_size","scale_uncertainty"
"1","canada thistle",4,-3,2,-4,2,-2,3,-4,2,-1,4,0,4,-3,2,-4,2,7,3
"2","canada thistle",3,-2,NA,-1,NA,-1,NA,-1,NA,0,NA,1,NA,-1,NA,NA,NA,6,NA
"3","canada thistle",5,-4,NA,-4,NA,-2,NA,-2,NA,-4,NA,-2,NA,-4,NA,-3,NA,6,NA
"4","canada thistle",5,-5,2,-4,3,-2,3,-3,3,-1,3,2,2,-3,3,-3,2,9,4
"5","canada thistle",5,-1,3,-1,1,-1,1,0,1,0,1,0,1,-1,2,-1,2,4,1
"6","canada thistle",4,-3,4,-4,4,0,3,-3,3,0,1,2,2,-4,3,-4,3,3,3
"7","canada thistle",4,-5,4,-4,3,0,2,0,2,0,2,1,2,0,1,-2,3,7,3
"8","canada thistle",2,-1,2,-1,2,-1,3,-1,2,-1,3,-1,3,-2,3,-1,3,4,2
"9","canada thistle",4,NA,NA,NA,NA,NA,NA,NA,NA,NA,NA,NA,NA,NA,NA,NA,NA,NA,NA
"10","canada thistle",5,-2,3,-1,3,-1,2,-2,2,-1,3,-1,2,-3,2,-3,2,10,2
"11","canada thistle",3,-2,2,-2,2,-1,2,-2,3,-1,3,-1,2,-1,2,1,2,6,3
"12","canada thistle",4,-1,3,-1,3,-1,3,-1,3,-1,3,1,3,-2,3,-1,2,3,3
"13","canada thistle",5,-5,5,-5,5,-3,5,-4,4,0,4,2,4,-5,5,-5,5,9,5
"14","canada thistle",4,-3,3,-3,3,-1,5,-1,5,0,5,1,5,-1,5,-1,5,6,NA
"15","canada thistle",2,-3,2,-2,3,-2,2,-1,3,-1,3,-1,4,-2,2,-3,3,5,4
"16","canada thistle",4,-1,NA,-1,NA,-1,NA,-2,NA,-1,NA,0,NA,-4,NA,-4,NA,3,NA
"17","canada thistle",4,-2,3,-2,3,-3,3,-2,2,-1,3,-2,3,NA,NA,-3,3,NA,NA
"18","canada thistle",2,-1,NA,-1,NA,NA,2,NA,3,NA,2,NA,3,NA,3,NA,3,6,NA
"19","canada thistle",2,-4,2,-3,2,-1,3,-2,2,-1,4,1,3,-3,4,-4,2,6,2
"20","canada thistle",1,NA,5,NA,5,NA,5,NA,5,NA,5,NA,5,NA,5,NA,5,4,5
"21","canada thistle",2,-1,2,-1,2,1,2,1,3,1,2,1,3,1,3,1,3,2,3
"22","canada thistle",2,-1,2,-1,2,-1,2,-1,2,-1,2,-1,2,-1,2,-1,2,4,2
"23","canada thistle",4,-1,2,-1,2,0,1,1,2,0,2,1,2,-1,2,-1,2,3,2
"24","canada thistle",5,-4,2,-3,3,0,2,-3,3,0,2,4,1,-3,2,-5,1,3,2
"25","canada thistle",4,-2,NA,-2,3,-1,2,-1,2,-1,2,-1,2,-1,2,-1,2,3,3
"26","canada thistle",5,-3,2,-2,3,0,2,-2,3,0,3,0,4,-4,2,-4,2,9,2
"27","canada thistle",3,-2,2,-2,2,-2,3,-1,4,-1,3,0,3,-1,3,-1,3,4,3
"28","canada thistle",5,-4,4,-5,5,0,2,-1,2,-3,3,-3,3,-1,2,-2,3,8,NA
"29","canada thistle",3,-1,3,-1,3,0,1,-1,3,0,1,1,2,-1,3,-1,3,7,3
"30","canada thistle",4,-3,1,-3,4,0,2,-4,2,-1,2,1,3,-1,3,-3,2,9,3
"31","canada thistle",4,-3,3,-3,3,-1,3,-1,3,-1,3,-1,3,NA,NA,NA,NA,NA,NA
"32","canada thistle",5,-1,3,-1,3,-1,2,-3,2,-1,2,-3,4,-2,3,-2,2,3,2
"33","canada thistle",5,-4,1,-4,1,-3,2,2,3,0,3,4,1,-4,1,-3,3,2,1
"34","canada thistle",3,-1,NA,-1,NA,0,NA,0,1,0,NA,-1,NA,-1,NA,-1,NA,2,NA
"35","canada thistle",5,-3,1,-1,5,0,5,-1,4,0,5,-2,5,-2,5,-4,2,6,2
"36","canada thistle",5,-3,2,-2,2,0,3,-3,3,-1,3,1,2,-1,2,-3,2,8,2
"37","canada thistle",4,-2,2,-2,3,-1,3,0,3,0,3,1,2,-2,3,-3,2,6,2
"38","canada thistle",4,-2,1,-2,1,-1,1,-2,2,0,1,0,2,-1,2,-1,2,6,2
"39","canada thistle",2,-4,NA,-4,NA,-4,NA,-4,NA,NA,1,NA,1,-4,NA,-4,NA,5,NA
"40","canada thistle",4,-4,1,-4,2,-1,4,1,3,-2,3,-1,3,-4,3,-4,2,8,2
"41","leafy spurge",4,-4,1,-4,1,-2,3,-3,2,-1,4,0,3,-4,2,-4,2,7,1
"42","leafy spurge",1,0,NA,0,NA,0,NA,0,NA,0,NA,0,NA,0,NA,NA,NA,1,NA
"43","leafy spurge",5,-3,NA,-5,NA,-3,NA,-3,NA,-4,NA,-2,NA,-4,NA,-4,NA,6,NA
"44","leafy spurge",2,-4,2,-3,3,-2,3,-3,3,-3,3,1,2,-2,3,-4,3,7,4
"45","leafy spurge",5,-1,2,-2,1,-1,1,-1,1,0,1,-1,1,-2,1,1,2,4,1
"46","leafy spurge",4,-4,4,-4,3,0,3,-1,3,0,1,0,1,-4,2,-4,3,6,3
"47","leafy spurge",4,-4,4,-4,3,0,2,-1,3,-1,2,1,2,0,1,-2,3,9,3
"48","leafy spurge",3,-4,2,-3,2,-3,2,-3,2,-3,4,-3,3,-4,3,-4,2,4,3
"49","leafy spurge",1,NA,NA,NA,NA,NA,NA,NA,NA,NA,NA,NA,NA,NA,NA,NA,NA,NA,NA
"50","leafy spurge",5,-3,4,-3,4,-1,2,-2,2,-1,3,-1,3,-4,3,-3,2,10,2
"51","leafy spurge",4,-1,2,-1,2,-1,2,-1,2,-1,2,-1,2,-1,2,1,2,6,3
"52","leafy spurge",3,-3,3,-1,3,-1,3,-1,3,-1,3,2,2,-2,3,-1,2,3,2
"53","leafy spurge",5,-4,5,-4,5,-2,5,-3,5,0,4,1,4,-5,5,-5,5,9,5
"54","leafy spurge",3,-4,2,-3,3,-1,5,1,5,0,5,2,5,-3,5,-2,5,10,NA
"55","leafy spurge",4,-3,3,-3,3,-2,3,-4,3,-1,3,-1,4,-3,2,-3,2,4,3
"56","leafy spurge",4,-3,NA,-2,NA,-1,NA,-3,NA,0,NA,0,NA,-4,NA,-4,NA,6,NA
"57","leafy spurge",5,-3,4,-3,5,-2,3,-1,2,-3,4,-1,3,NA,NA,-2,4,NA,NA
"58","leafy spurge",2,-1,NA,-1,NA,NA,2,NA,3,NA,2,NA,3,NA,3,NA,3,6,NA
"59","leafy spurge",3,-3,3,-2,2,-1,4,-2,2,-1,3,0,2,-2,4,-4,2,3,3
"60","leafy spurge",2,-3,3,-3,3,-1,3,-3,3,-2,3,-3,3,NA,3,-3,3,NA,NA
"61","leafy spurge",3,1,2,1,2,1,1,1,2,1,2,1,3,1,3,1,3,4,3
"62","leafy spurge",2,-1,2,-1,2,-1,2,0,1,0,1,-1,1,-1,2,-1,2,2,2
"63","leafy spurge",4,-2,2,-2,2,0,1,0,2,0,2,-1,3,-2,2,-2,2,6,1
"64","leafy spurge",4,-5,1,-5,1,-1,3,-5,1,0,1,1,3,-5,1,-5,1,7,1
"65","leafy spurge",3,-2,NA,-2,3,-1,2,-1,2,-1,2,-1,2,-2,3,-2,2,6,4
"66","leafy spurge",5,-5,1,-4,2,0,2,-3,2,0,3,-1,4,-4,2,-5,2,10,2
"67","leafy spurge",4,-2,2,-3,2,-2,3,-3,2,0,3,-1,3,-2,3,-1,3,6,3
"68","leafy spurge",5,-5,5,-5,5,0,3,-3,3,-2,3,-2,4,-2,2,-2,4,3,NA
"69","leafy spurge",2,-1,2,-1,3,0,1,0,1,0,1,0,1,-1,3,-1,2,4,2
"70","leafy spurge",4,-4,2,-5,2,-1,2,-4,2,-3,2,1,3,0,3,-4,2,5,3
"71","leafy spurge",3,-4,4,-4,3,-2,3,-1,2,-1,3,-1,3,NA,NA,NA,NA,NA,NA
"72","leafy spurge",5,-4,5,-4,5,-3,2,-3,2,-1,2,-3,2,-3,3,-3,2,3,2
"73","leafy spurge",5,-4,1,-4,1,-2,3,2,1,0,3,4,1,-4,1,-3,3,4,1
"74","leafy spurge",2,0,NA,0,NA,0,NA,0,NA,0,NA,0,NA,0,NA,0,NA,1,NA
"75","leafy spurge",5,-4,1,-1,5,0,5,-1,4,0,5,-2,4,-2,5,-3,3,6,2
"76","leafy spurge",5,-3,1,-2,2,0,3,-3,2,-1,3,1,3,-1,3,-2,3,9,2
"77","leafy spurge",3,-2,3,-3,2,-1,3,0,2,0,3,-1,3,-2,3,-3,2,6,2
"78","leafy spurge",2,0,2,-1,1,0,1,0,1,0,1,0,2,0,1,0,1,2,1
"79","leafy spurge",5,-4,NA,-4,NA,-4,NA,-4,NA,NA,1,NA,1,-4,NA,-4,NA,4,NA
"80","leafy spurge",4,-5,2,-5,2,-1,4,-5,3,-2,NA,0,4,-4,3,-4,2,6,3
"81","musk thistle",4,-3,2,-4,2,-2,3,-3,3,-1,4,0,4,-3,3,-2,3,6,3
"82","musk thistle",4,-3,NA,-2,NA,-1,NA,-1,NA,-1,NA,1,NA,-1,NA,NA,NA,7,NA
"83","musk thistle",4,-3,NA,-4,NA,-2,NA,-3,NA,-3,NA,-2,3,-3,NA,-4,NA,2,NA
"84","musk thistle",5,-5,2,-5,3,-2,3,-3,3,-2,3,2,2,-3,3,-5,2,9,3
"85","musk thistle",5,-1,3,-1,1,-1,1,-1,1,0,1,-1,1,-2,2,1,2,4,1
"86","musk thistle",3,-4,4,-4,4,0,3,-3,3,0,1,2,2,-4,3,-3,2,3,3
"87","musk thistle",4,-3,4,-3,3,0,2,1,3,0,2,1,2,0,1,-1,3,7,3
"88","musk thistle",3,-3,2,-2,2,-2,3,-3,2,-2,3,-2,2,-3,3,-4,3,4,3
"89","musk thistle",3,NA,NA,NA,NA,NA,NA,NA,NA,NA,NA,NA,NA,NA,NA,NA,NA,NA,NA
"90","musk thistle",5,-2,3,-1,3,-1,2,-1,2,-1,2,-1,2,-2,2,-2,2,9,2
"91","musk thistle",4,-1,2,-1,2,-1,2,-1,2,-1,3,-1,2,-1,2,1,2,6,3
"92","musk thistle",4,-3,3,-2,3,-2,3,-3,3,-1,2,2,3,-3,3,-2,3,6,2
"93","musk thistle",5,-2,5,-2,4,-1,4,-2,4,0,4,2,4,-2,4,-4,5,9,4
"94","musk thistle",5,-4,2,-3,2,-1,5,-2,5,0,5,2,3,-3,4,-1,5,6,NA
"95","musk thistle",4,-3,3,-3,3,-1,4,-3,2,-1,3,-3,2,-1,3,-2,3,4,4
"96","musk thistle",4,-3,NA,-2,NA,-2,NA,-3,NA,-1,NA,1,NA,-2,NA,-2,NA,4,NA
"97","musk thistle",4,-2,3,-2,3,-2,3,-2,3,-2,4,-2,2,NA,NA,-2,3,NA,NA
"98","musk thistle",2,-1,NA,-1,NA,NA,2,NA,3,NA,2,NA,3,NA,3,NA,3,4,NA
"99","musk thistle",3,-4,3,-3,3,-1,2,-2,2,0,2,1,2,-2,3,-3,2,4,3
"100","musk thistle",4,-4,3,-4,3,-1,3,-4,2,-1,3,-1,3,NA,3,-3,3,NA,NA
"101","musk thistle",3,1,2,1,2,1,2,1,2,1,2,1,3,1,3,1,1,4,3
"102","musk thistle",2,-1,2,-1,2,-1,2,-1,2,0,2,-1,1,-1,2,-1,2,4,2
"103","musk thistle",4,-2,2,-1,2,0,1,1,2,0,2,1,2,-2,2,-1,2,6,2
"104","musk thistle",5,-2,3,-1,2,0,1,1,3,0,3,4,1,-2,2,-4,3,6,3
"105","musk thistle",4,-1,NA,-3,3,-1,2,-1,2,-1,2,-1,2,-1,2,-1,2,5,3
"106","musk thistle",5,-3,2,-2,2,0,2,-2,3,0,3,0,4,-4,2,-4,2,7,2
"107","musk thistle",4,-2,2,-3,2,0,3,0,3,-1,3,-1,3,-2,3,-2,3,6,3
"108","musk thistle",5,-5,3,-4,4,0,3,-2,3,-2,3,-1,3,-1,2,-2,3,2,NA
"109","musk thistle",4,-2,3,-2,3,0,1,-1,3,0,1,1,3,-1,3,-1,2,7,3
"110","musk thistle",4,-3,2,-4,4,-1,2,-4,2,-4,2,1,3,0,3,-1,2,9,3
"111","musk thistle",4,-3,4,-3,4,-1,3,-2,3,-1,3,-1,3,NA,NA,NA,NA,3,3
"112","musk thistle",5,-3,5,-4,5,-2,3,-3,2,-1,2,-2,3,-3,3,-2,2,3,4
"113","musk thistle",5,-4,1,-4,1,-2,2,2,3,0,3,4,1,-4,1,-3,3,3,1
"114","musk thistle",3,-2,NA,-1,NA,-1,NA,-1,NA,0,NA,-1,NA,-1,NA,-1,NA,2,NA
"115","musk thistle",5,-4,1,-1,5,0,5,-1,4,0,5,2,4,-1,5,-3,2,6,2
"116","musk thistle",5,-3,1,-2,2,0,3,-3,2,-1,3,1,3,-1,3,-2,2,9,2
"117","musk thistle",4,-3,2,-3,2,-1,3,0,2,0,3,2,2,-2,3,-3,2,6,2
"118","musk thistle",4,-2,1,-1,2,0,2,-1,2,0,1,0,1,-1,2,-1,2,6,2
"119","musk thistle",2,-4,NA,-4,NA,-4,NA,-4,4,NA,1,NA,1,-4,NA,-4,NA,4,NA
"120","musk thistle",4,-4,1,-4,2,0,4,0,3,0,4,0,4,-3,3,-3,3,7,3
"121","plumeless thistle",3,-1,3,-4,2,-1,4,-2,4,-1,4,0,4,-2,3,-3,3,6,3
"122","plumeless thistle",3,0,NA,0,NA,-1,NA,0,NA,0,NA,0,NA,0,NA,NA,NA,1,NA
"123","plumeless thistle",3,-3,NA,-3,NA,-2,NA,-4,NA,-3,NA,-2,1,-2,NA,-4,NA,1,NA
"124","plumeless thistle",3,-3,3,-1,3,-1,3,-2,3,-1,3,2,2,-2,3,-1,3,3,3
"125","plumeless thistle",2,0,1,0,1,0,1,0,1,0,1,0,1,-1,1,0,1,4,1
"126","plumeless thistle",3,-3,2,-3,2,0,3,-2,3,0,1,2,2,-4,3,-4,3,3,2
"127","plumeless thistle",3,-3,3,-3,3,0,2,1,2,0,2,1,2,0,1,-1,3,3,3
"128","plumeless thistle",1,0,2,0,2,0,2,0,2,0,2,0,2,0,2,0,2,4,3
"129","plumeless thistle",1,NA,NA,NA,NA,NA,NA,NA,NA,NA,NA,NA,NA,NA,NA,NA,NA,NA,NA
"130","plumeless thistle",4,-1,3,-1,3,-1,2,-1,2,-1,3,-1,2,-2,2,-2,2,10,2
"131","plumeless thistle",3,-2,2,-1,2,-1,2,-1,2,0,2,-1,2,-1,2,1,2,4,3
"132","plumeless thistle",2,0,3,0,3,0,3,-1,3,0,2,0,3,0,2,0,3,1,2
"133","plumeless thistle",3,-1,3,-2,4,-1,4,-1,4,0,4,1,4,-3,4,-2,4,8,4
"134","plumeless thistle",3,-3,3,-2,2,-1,5,-1,5,0,5,1,4,-2,5,-1,5,5,NA
"135","plumeless thistle",2,-1,4,-2,2,0,4,-1,3,-3,3,0,2,-2,3,-1,4,8,4
"136","plumeless thistle",4,-1,NA,-1,NA,-1,NA,0,NA,-1,NA,0,NA,-1,NA,-2,NA,4,NA
"137","plumeless thistle",2,-1,2,-2,2,-1,2,-2,2,0,1,0,1,NA,NA,0,1,NA,NA
"138","plumeless thistle",2,-1,NA,-1,NA,NA,2,NA,3,NA,2,NA,3,NA,3,NA,3,3,NA
"139","plumeless thistle",2,-3,2,-3,2,-1,3,-1,4,-1,4,1,2,-2,3,-4,2,4,3
"140","plumeless thistle",1,NA,5,NA,5,NA,5,NA,5,NA,5,NA,5,NA,5,NA,5,NA,NA
"141","plumeless thistle",1,0,1,0,1,0,1,0,1,0,1,0,1,0,1,0,1,1,2
"142","plumeless thistle",1,0,1,0,1,0,1,-1,1,0,1,0,1,0,1,0,1,4,2
"143","plumeless thistle",4,-1,2,-1,2,0,2,0,3,0,2,0,2,-1,2,0,2,2,2
"144","plumeless thistle",3,-3,4,-2,3,0,1,-2,2,0,1,1,2,-3,2,-5,1,5,1
"145","plumeless thistle",2,-1,NA,-1,2,-1,2,0,1,-1,2,-1,2,0,1,0,1,3,3
"146","plumeless thistle",3,-2,3,-3,3,0,2,-1,4,0,3,0,4,-4,2,-4,2,7,3
"147","plumeless thistle",1,-1,4,-1,3,0,3,0,3,-1,3,0,3,-1,3,-1,3,4,3
"148","plumeless thistle",5,-1,2,-4,4,0,1,0,1,-2,3,-1,3,0,1,-1,2,8,NA
"149","plumeless thistle",1,0,1,0,1,0,1,0,1,0,1,0,1,0,1,0,1,1,1
"150","plumeless thistle",2,NA,5,NA,1,0,4,-1,4,0,2,1,3,0,3,-1,2,5,3
"151","plumeless thistle",3,-2,3,-2,2,-1,3,-1,2,-1,3,-1,3,NA,NA,NA,NA,NA,NA
"152","plumeless thistle",5,-3,5,-3,3,-2,3,-3,2,-1,3,-2,2,-2,3,-2,2,3,2
"153","plumeless thistle",1,0,1,0,1,0,2,0,2,0,3,4,1,-3,3,-3,3,2,3
"154","plumeless thistle",1,0,NA,0,NA,-1,NA,0,NA,0,NA,0,NA,0,NA,0,NA,1,NA
"155","plumeless thistle",1,-3,3,-1,5,0,5,-1,4,0,5,1,4,-1,5,-3,4,6,4
"156","plumeless thistle",3,-2,2,-2,3,0,3,-2,3,-1,3,1,3,-1,3,-1,2,6,2
"157","plumeless thistle",2,-1,4,-1,4,-1,4,0,4,0,3,2,3,-1,4,-2,4,1,3
"158","plumeless thistle",2,0,2,0,2,0,1,0,2,0,1,0,2,0,1,0,1,1,2
"159","plumeless thistle",5,-4,4,-4,NA,-4,NA,-4,NA,NA,1,NA,1,-4,NA,-4,NA,4,NA
"160","plumeless thistle",3,-3,2,-3,2,-1,5,-1,3,0,4,1,4,-3,3,-2,2,8,3
"161","sericea lespedeza",1,-4,5,-3,4,-1,4,-2,4,0,4,1,3,-3,3,-4,2,4,3
"162","sericea lespedeza",1,0,NA,0,NA,0,NA,0,NA,0,NA,0,NA,0,NA,NA,NA,1,NA
"163","sericea lespedeza",3,-3,NA,NA,3,-2,NA,-5,NA,-2,NA,-2,NA,-2,NA,-3,NA,1,NA
"164","sericea lespedeza",2,-4,4,-3,3,-1,3,-3,3,-1,3,0,3,-3,3,-5,3,6,3
"165","sericea lespedeza",2,0,1,0,3,0,1,0,1,0,1,0,2,-2,2,0,2,4,3
"166","sericea lespedeza",2,-4,2,-3,1,0,3,-2,2,0,1,2,2,-4,3,-3,1,6,3
"167","sericea lespedeza",2,0,1,NA,NA,0,2,0,1,0,2,0,1,0,1,-1,1,5,1
"168","sericea lespedeza",1,0,2,0,2,0,2,0,2,0,2,0,2,0,2,0,2,4,2
"169","sericea lespedeza",1,NA,NA,NA,NA,NA,NA,NA,NA,NA,NA,NA,NA,NA,NA,NA,NA,NA,NA
"170","sericea lespedeza",5,-2,3,-2,3,-1,2,-1,2,-1,3,-1,2,-3,2,-3,2,10,2
"171","sericea lespedeza",3,-1,2,0,1,-1,2,-1,2,-1,2,-1,2,-1,2,1,2,6,3
"172","sericea lespedeza",2,0,2,0,3,0,3,0,2,0,2,0,3,0,2,0,3,1,2
"173","sericea lespedeza",4,-2,4,-2,4,0,3,0,4,0,4,1,4,-3,4,-5,5,5,4
"174","sericea lespedeza",2,-3,5,-4,4,-1,5,-1,5,0,5,0,5,-2,5,-1,5,6,NA
"175","sericea lespedeza",3,-3,3,-3,3,-1,3,-2,4,-1,5,-2,2,-2,5,-2,4,4,2
"176","sericea lespedeza",3,-2,NA,-2,NA,-2,NA,-1,2,-1,NA,0,NA,-4,NA,-4,NA,6,NA
"177","sericea lespedeza",2,0,4,-2,2,-2,1,0,1,0,1,-2,2,NA,NA,0,1,NA,NA
"178","sericea lespedeza",2,-2,NA,-1,NA,NA,3,NA,3,NA,2,NA,3,NA,3,NA,3,3,NA
"179","sericea lespedeza",2,-4,2,-1,2,-1,3,-2,2,-2,4,1,4,-2,3,-3,3,6,3
"180","sericea lespedeza",3,-3,3,-3,3,-2,3,-3,3,-1,3,-2,3,NA,3,-3,3,NA,NA
"181","sericea lespedeza",1,0,1,0,1,0,1,0,1,0,1,0,1,0,1,0,1,1,1
"182","sericea lespedeza",1,0,1,0,1,0,1,0,1,0,1,0,1,0,1,0,1,4,2
"183","sericea lespedeza",4,-2,2,-2,2,0,1,1,2,0,2,1,2,-2,3,-2,2,6,2
"184","sericea lespedeza",2,0,2,1,5,0,1,0,3,0,3,1,2,1,2,-5,1,4,2
"185","sericea lespedeza",2,-2,NA,-1,2,-1,2,-1,2,-1,2,-1,2,-1,2,-1,2,4,3
"186","sericea lespedeza",3,-3,4,-3,3,0,2,-1,4,0,3,0,4,-3,2,-4,2,7,2
"187","sericea lespedeza",1,-2,2,-3,2,0,3,-2,3,0,3,-2,3,-1,3,-2,3,6,3
"188","sericea lespedeza",5,-4,5,-5,5,0,3,-2,3,-2,3,-1,3,-1,3,-2,3,3,NA
"189","sericea lespedeza",2,-1,3,-1,2,0,1,0,1,0,1,0,1,0,1,0,1,1,1
"190","sericea lespedeza",2,NA,5,NA,1,0,4,NA,5,0,4,-1,3,-1,3,0,2,1,3
"191","sericea lespedeza",3,-3,3,-3,3,-2,3,-2,3,-1,3,-1,3,NA,NA,NA,NA,NA,NA
"192","sericea lespedeza",5,-4,4,-4,3,-1,2,-3,2,-2,2,-3,3,-3,4,-3,3,3,2
"193","sericea lespedeza",1,0,1,0,1,0,3,0,1,0,3,4,1,-3,3,-3,3,2,3
"194","sericea lespedeza",2,0,NA,0,NA,0,NA,0,NA,0,NA,0,NA,0,NA,0,NA,1,NA
"195","sericea lespedeza",2,-5,1,-1,5,0,5,-1,4,-1,5,-3,5,-2,5,-4,2,8,3
"196","sericea lespedeza",5,-4,1,-3,2,0,3,-4,2,-1,2,0,3,-1,3,-3,2,8,2
"197","sericea lespedeza",3,-3,4,-3,3,-1,3,1,3,0,3,0,3,-2,3,-2,2,6,2
"198","sericea lespedeza",1,0,2,0,1,0,1,0,1,0,1,0,1,0,1,0,1,1,1
"199","sericea lespedeza",2,NA,1,NA,1,NA,1,NA,1,NA,1,NA,1,-2,NA,-4,NA,4,NA
"200","sericea lespedeza",2,-4,2,-4,3,0,4,-3,5,-2,3,-1,4,-3,3,-1,2,7,2
"201","spotted and diffuse knapweed",3,-2,2,-3,3,-1,3,-2,3,-1,4,0,4,-2,2,-3,2,6,3
"202","spotted and diffuse knapweed",1,0,NA,0,NA,0,NA,0,NA,0,NA,0,NA,0,NA,NA,NA,1,NA
"203","spotted and diffuse knapweed",4,-4,NA,-3,NA,-1,NA,-4,NA,-3,NA,-1,NA,-2,NA,-3,NA,2,NA
"204","spotted and diffuse knapweed",2,-2,2,-2,3,-2,3,-2,3,0,3,1,2,-1,3,-2,3,4,3
"205","spotted and diffuse knapweed",2,0,1,0,3,0,1,0,2,0,1,0,1,-2,2,0,2,4,3
"206","spotted and diffuse knapweed",2,-2,2,-3,2,0,3,-1,1,0,1,0,1,-2,1,0,1,3,1
"207","spotted and diffuse knapweed",2,-1,2,NA,NA,0,2,0,2,0,2,0,2,0,1,-1,1,3,3
"208","spotted and diffuse knapweed",1,0,2,0,2,0,2,0,2,0,2,0,2,0,2,0,2,4,3
"209","spotted and diffuse knapweed",1,NA,NA,NA,NA,NA,NA,NA,NA,NA,NA,NA,NA,NA,NA,NA,NA,NA,NA
"210","spotted and diffuse knapweed",2,-2,2,-1,3,-1,2,-1,2,-1,3,-1,2,-3,2,-3,2,8,2
"211","spotted and diffuse knapweed",3,-2,2,-1,1,-1,2,-1,2,-1,2,-2,2,-1,2,1,2,5,3
"212","spotted and diffuse knapweed",2,0,3,0,2,0,3,0,3,-1,2,0,2,0,3,0,3,1,2
"213","spotted and diffuse knapweed",3,-2,4,-2,4,0,3,-1,4,0,4,1,3,-3,4,-2,4,8,4
"214","spotted and diffuse knapweed",3,-3,3,-5,2,-1,5,-2,5,-1,5,2,4,-3,5,-1,5,3,NA
"215","spotted and diffuse knapweed",2,-1,3,-3,2,-1,4,-1,3,0,4,-1,3,-1,4,-2,4,2,4
"216","spotted and diffuse knapweed",2,-2,NA,-2,NA,-1,NA,-2,NA,0,NA,0,NA,-4,NA,-3,NA,6,NA
"217","spotted and diffuse knapweed",4,-2,3,-2,3,-1,3,-1,3,-2,3,-2,3,NA,NA,-2,3,NA,NA
"218","spotted and diffuse knapweed",2,-1,NA,-1,NA,NA,3,NA,3,NA,2,NA,3,NA,3,NA,3,3,NA
"219","spotted and diffuse knapweed",1,-3,1,-3,1,-1,4,-2,5,-1,4,1,2,-2,4,-2,4,4,4
"220","spotted and diffuse knapweed",2,-3,4,-3,3,-1,3,-2,4,-1,3,-2,3,NA,3,-2,3,3,NA
"221","spotted and diffuse knapweed",1,0,1,0,1,0,1,0,1,0,1,0,1,0,1,0,1,1,3
"222","spotted and diffuse knapweed",1,0,1,0,1,0,1,0,1,0,1,0,1,0,1,0,1,1,2
"223","spotted and diffuse knapweed",3,-1,2,-1,3,0,1,0,3,0,2,-1,2,-1,2,-1,2,4,1
"224","spotted and diffuse knapweed",3,-2,3,-3,2,0,2,-2,3,0,1,1,2,-3,2,-5,1,2,5
"225","spotted and diffuse knapweed",2,-1,NA,-1,2,0,1,-1,2,-1,2,-1,2,-1,2,-1,2,3,3
"226","spotted and diffuse knapweed",3,-2,3,-2,4,0,2,-1,3,0,3,0,4,-4,2,-4,2,7,3
"227","spotted and diffuse knapweed",1,-2,3,-1,2,0,3,0,3,-2,3,-1,3,-1,3,-1,3,6,3
"228","spotted and diffuse knapweed",5,-4,3,-1,3,0,1,0,1,0,1,0,3,0,2,0,1,7,NA
"229","spotted and diffuse knapweed",1,0,1,0,1,0,1,0,1,0,1,0,1,0,1,0,1,1,1
"230","spotted and diffuse knapweed",4,-2,2,-2,2,0,4,-2,2,0,2,1,3,0,3,1,2,9,3
"231","spotted and diffuse knapweed",3,-2,2,-2,2,-1,3,-1,2,-1,3,-1,3,NA,NA,NA,NA,NA,NA
"232","spotted and diffuse knapweed",5,-2,3,-3,4,-2,2,-3,2,-1,2,-2,2,-3,2,-3,4,3,3
"233","spotted and diffuse knapweed",1,0,1,0,1,0,1,0,1,0,3,4,1,-3,3,-3,3,2,3
"234","spotted and diffuse knapweed",1,0,NA,0,NA,0,NA,0,NA,0,NA,0,NA,0,NA,0,NA,1,NA
"235","spotted and diffuse knapweed",2,-3,4,-1,5,0,5,-1,4,0,5,0,5,-2,5,-3,5,6,2
"236","spotted and diffuse knapweed",5,-3,2,-2,2,0,3,-3,3,-1,3,0,4,-1,3,-2,2,7,3
"237","spotted and diffuse knapweed",2,-2,4,0,4,0,4,0,4,0,4,0,3,-1,4,-2,4,1,3
"238","spotted and diffuse knapweed",1,0,2,0,1,0,1,0,1,0,1,0,1,0,1,0,1,1,1
"239","spotted and diffuse knapweed",2,NA,2,-3,NA,NA,1,NA,1,NA,1,NA,1,-4,NA,-2,NA,4,NA
"240","spotted and diffuse knapweed",NA,-4,2,-3,2,0,4,-3,3,-1,3,-2,4,-3,3,-4,2,6,3
"241","russian olive",4,-2,2,-2,4,-3,2,-2,3,-2,3,0,4,-1,3,-2,3,6,3
"242","russian olive",2,-1,NA,-1,NA,0,NA,-2,NA,-1,NA,0,NA,-1,NA,NA,NA,6,NA
"243","russian olive",3,-2,NA,-2,NA,-4,NA,-3,NA,-4,NA,-4,NA,-4,NA,-3,NA,4,NA
"244","russian olive",4,-2,2,-2,3,-4,3,-2,3,1,3,-1,3,-2,3,-2,3,6,3
"245","russian olive",4,0,1,0,1,0,1,0,2,0,1,0,2,-1,2,0,2,6,1
"246","russian olive",3,-1,4,-1,2,0,3,-1,3,0,1,2,2,-2,2,-1,2,2,2
"247","russian olive",2,-1,2,NA,NA,-1,2,0,1,0,2,0,1,0,1,-1,1,5,2
"248","russian olive",3,-1,2,-1,2,-3,3,-1,3,-2,3,-1,3,-2,2,-2,3,5,3
"249","russian olive",2,NA,NA,NA,NA,NA,NA,NA,NA,NA,NA,NA,NA,NA,NA,NA,NA,NA,NA
"250","russian olive",3,-2,2,-1,2,-2,2,-1,3,-2,2,-1,3,-3,2,-3,2,8,2
"251","russian olive",4,-2,2,-2,3,-1,2,-2,3,-1,2,-2,3,-2,2,0,2,8,3
"252","russian olive",3,-1,2,0,3,-2,3,-1,3,-3,2,2,3,-1,3,-2,3,5,2
"253","russian olive",3,-2,4,-3,3,-2,4,-1,4,-3,3,1,3,-3,4,-4,3,9,4
"254","russian olive",1,-3,5,-2,5,-1,5,0,5,0,5,0,5,-1,5,0,5,2,NA
"255","russian olive",1,-1,4,-1,3,-2,3,-1,3,-3,4,-2,4,-3,3,-1,5,5,4
"256","russian olive",2,-1,NA,-2,NA,-4,NA,-2,NA,-4,NA,0,NA,-4,NA,-4,NA,6,NA
"257","russian olive",2,-2,2,-1,2,-2,2,0,1,-1,2,-2,2,NA,NA,-3,2,NA,NA
"258","russian olive",3,-2,NA,-1,NA,NA,2,NA,3,NA,2,NA,3,NA,3,NA,3,6,NA
"259","russian olive",2,-2,2,-4,2,-3,3,-3,4,-2,3,0,3,-3,3,-3,3,5,2
"260","russian olive",1,NA,5,NA,5,NA,5,NA,5,NA,5,NA,5,NA,5,NA,5,NA,5
"261","russian olive",1,0,1,0,1,0,1,0,1,0,1,0,1,0,1,0,1,1,4
"262","russian olive",2,0,1,-1,2,-1,2,-1,2,-1,2,-1,2,-1,2,-1,2,5,2
"263","russian olive",3,-1,2,-1,2,-1,3,0,3,-1,3,-1,2,-1,2,-1,2,3,2
"264","russian olive",2,-1,5,1,1,-3,3,1,3,-3,2,-1,2,-2,3,2,1,2,2
"265","russian olive",4,-2,NA,-1,2,-1,2,-1,2,-2,3,-1,2,-1,2,-2,3,4,3
"266","russian olive",4,-1,3,-1,2,-4,2,-1,4,-4,2,0,4,-2,3,-2,3,2,3
"267","russian olive",1,-2,2,-1,2,0,3,-2,3,-2,3,0,3,-1,3,-1,3,6,3
"268","russian olive",2,-2,3,-3,4,0,3,-1,2,-2,3,0,2,0,2,0,2,8,NA
"269","russian olive",3,-1,2,-1,2,0,1,1,2,0,1,0,1,-1,2,0,1,7,2
"270","russian olive",4,-2,1,-3,2,-2,2,-3,2,-2,2,1,3,-1,3,-2,2,8,3
"271","russian olive",3,-1,2,-1,2,-3,3,0,3,-2,3,-1,3,NA,NA,NA,NA,10,NA
"272","russian olive",4,-4,4,-4,4,-3,3,-4,2,-3,2,-3,3,-4,4,-4,5,8,5
"273","russian olive",3,0,1,-1,1,-4,1,2,3,4,1,0,1,-3,4,-3,3,1,1
"274","russian olive",3,-1,1,-1,NA,-1,NA,-1,NA,-2,NA,0,NA,-1,NA,-1,NA,3,NA
"275","russian olive",3,-4,1,-2,4,-3,4,-3,4,-3,5,-3,4,-4,5,-4,3,7,2
"276","russian olive",3,-2,3,-2,4,-1,3,-2,2,-2,2,0,3,-1,3,-2,2,6,3
"277","russian olive",2,0,3,0,3,-3,3,0,3,-1,3,-1,3,-3,3,-2,3,6,3
"278","russian olive",4,-1,3,-1,2,-2,2,-1,2,0,1,0,1,-1,2,-1,2,6,2
"279","russian olive",2,NA,1,NA,1,NA,1,NA,1,NA,1,NA,1,-2,NA,-2,NA,5,NA
"280","russian olive",4,-3,3,-2,3,-2,3,-1,3,-1,4,-1,4,-1,3,-3,2,7,3
"281","scotch thistle",3,-2,3,-2,4,-1,3,-2,4,-1,4,0,4,-1,3,-3,3,3,3
"282","scotch thistle",2,0,NA,-1,NA,-1,NA,0,NA,0,NA,0,NA,0,NA,NA,NA,1,NA
"283","scotch thistle",4,-3,NA,-2,NA,-2,NA,-3,NA,-2,NA,-1,NA,-3,NA,-4,NA,1,NA
"284","scotch thistle",1,-4,2,-2,3,-2,3,-3,3,0,3,2,2,-3,3,-4,3,6,3
"285","scotch thistle",3,0,1,0,3,0,1,0,1,0,1,0,2,-2,2,0,2,4,1
"286","scotch thistle",1,-3,1,-1,1,0,3,-1,1,0,1,2,2,-3,1,-3,2,3,1
"287","scotch thistle",4,-2,3,-3,3,0,2,0,3,0,2,1,2,0,1,-1,3,3,3
"288","scotch thistle",2,0,2,0,1,0,2,0,2,0,2,0,2,0,2,0,2,4,3
"289","scotch thistle",1,NA,NA,NA,NA,NA,NA,NA,NA,NA,NA,NA,NA,NA,NA,NA,NA,NA,NA
"290","scotch thistle",3,-1,3,-1,2,-1,2,-1,2,-1,3,-1,3,-3,2,-3,2,8,2
"291","scotch thistle",4,-1,2,-1,2,-1,2,-1,2,-1,3,-1,2,-1,2,1,2,4,3
"292","scotch thistle",2,0,2,0,3,0,3,0,3,0,3,0,2,0,3,0,3,1,3
"293","scotch thistle",3,-1,4,-2,2,0,3,-1,4,0,4,1,3,-2,4,-2,4,8,3
"294","scotch thistle",1,-2,3,-3,3,0,5,-1,5,0,5,1,5,-2,4,-1,5,2,NA
"295","scotch thistle",1,-1,3,-1,2,0,1,-1,3,-1,4,-1,3,-1,4,-1,4,8,5
"296","scotch thistle",4,-1,NA,-1,3,0,NA,-1,NA,-1,NA,0,NA,-1,NA,-1,NA,3,NA
"297","scotch thistle",2,-2,2,-1,2,-1,2,0,2,-1,3,0,1,NA,NA,-1,2,NA,NA
"298","scotch thistle",2,-1,NA,-1,NA,NA,3,NA,3,NA,2,NA,3,NA,3,NA,3,4,NA
"299","scotch thistle",1,-3,1,-3,2,-1,3,-1,4,-1,4,1,4,-2,3,-3,3,3,3
"300","scotch thistle",1,NA,5,NA,5,NA,5,NA,5,NA,5,NA,5,NA,5,NA,5,NA,5
"301","scotch thistle",2,0,1,0,1,0,1,0,1,0,1,1,3,0,1,0,1,1,3
"302","scotch thistle",1,0,1,0,1,0,1,0,1,0,1,0,1,0,1,0,1,2,2
"303","scotch thistle",3,-2,3,-2,3,0,3,1,3,0,2,1,2,-2,2,-1,2,6,2
"304","scotch thistle",3,-2,2,-2,3,-1,3,-1,3,0,1,2,3,-2,2,-4,2,2,1
"305","scotch thistle",4,-1,NA,-2,3,-1,2,-1,2,-1,2,-1,2,-1,2,-1,2,3,3
"306","scotch thistle",5,-3,2,-2,3,0,2,-2,3,0,3,0,4,-4,2,-4,2,7,2
"307","scotch thistle",2,-1,4,-1,2,0,3,-2,3,0,3,-1,3,-1,3,-1,4,4,3
"308","scotch thistle",2,-2,2,-1,2,0,1,0,1,0,3,0,2,0,2,0,1,4,NA
"309","scotch thistle",1,0,1,0,1,0,1,0,1,0,1,0,1,0,1,0,1,1,1
"310","scotch thistle",2,-1,5,NA,1,0,2,-2,4,0,4,1,3,0,3,-1,2,9,3
"311","scotch thistle",2,-2,2,-3,2,-1,3,-1,3,-1,3,-1,3,NA,NA,NA,NA,2,3
"312","scotch thistle",3,-2,3,-2,3,-1,2,-3,2,-1,2,-1,2,-1,2,-2,5,3,3
"313","scotch thistle",1,0,3,0,1,0,2,0,1,0,3,4,1,-3,3,-3,3,2,3
"314","scotch thistle",1,0,NA,0,NA,0,NA,0,NA,0,NA,0,NA,0,NA,0,NA,1,NA
"315","scotch thistle",1,-3,3,-1,5,0,5,-1,4,0,5,1,4,-1,5,-3,4,5,4
"316","scotch thistle",4,-2,4,-2,2,0,3,-3,3,-1,3,1,3,-1,3,-3,2,6,2
"317","scotch thistle",2,-1,4,-1,4,-1,4,0,4,0,3,1,3,-1,4,-1,4,1,3
"318","scotch thistle",2,0,2,0,1,0,1,-1,2,0,1,0,1,0,1,0,1,1,1
"319","scotch thistle",2,NA,1,NA,1,NA,1,NA,1,NA,1,NA,1,-2,NA,-1,NA,4,NA
"320","scotch thistle",4,-5,1,-5,2,-1,4,-2,3,-1,3,0,4,-4,3,-4,2,8,3
"321","eastern redcedar",5,-4,1,-4,1,-4,1,-3,2,-4,1,0,4,-4,2,-3,2,7,2
"322","eastern redcedar",5,-3,NA,-3,NA,0,NA,-2,NA,-1,NA,0,NA,-1,NA,NA,NA,4,NA
"323","eastern redcedar",5,-5,NA,-4,NA,NA,4,-4,NA,-4,NA,-2,NA,-4,NA,-4,NA,3,NA
"324","eastern redcedar",4,-4,2,-3,3,-3,3,1,3,3,3,0,3,-3,3,-5,3,8,3
"325","eastern redcedar",5,2,4,2,1,2,1,2,1,2,1,1,1,-1,1,-1,2,4,1
"326","eastern redcedar",4,-2,3,-3,3,0,3,-2,3,0,1,0,3,-3,3,-4,3,4,3
"327","eastern redcedar",3,-5,4,-3,3,0,2,1,2,1,2,0,1,0,1,-2,2,6,3
"328","eastern redcedar",4,-3,2,-3,2,-3,3,-3,3,-4,4,-3,3,-3,3,-4,2,4,2
"329","eastern redcedar",2,NA,NA,NA,NA,NA,NA,NA,NA,NA,NA,NA,NA,NA,NA,NA,NA,NA,NA
"330","eastern redcedar",3,-2,3,-3,3,-2,3,-1,2,-1,3,-1,2,-3,2,-3,2,10,2
"331","eastern redcedar",2,2,2,0,2,-1,2,-1,2,-2,2,-1,2,0,2,0,2,2,3
"332","eastern redcedar",4,-3,3,-3,3,-3,3,-3,3,-3,2,2,3,-3,3,-3,3,6,3
"333","eastern redcedar",5,-5,4,-5,5,-3,4,-2,3,1,4,-4,4,-5,5,-5,5,10,4
"334","eastern redcedar",2,-3,4,0,5,-3,4,0,5,-1,5,0,4,-2,5,-1,5,2,NA
"335","eastern redcedar",2,-3,3,-3,3,-1,3,-2,2,-3,3,-2,4,-2,2,-2,4,6,4
"336","eastern redcedar",4,-4,NA,-3,NA,-3,NA,-3,NA,-4,NA,-3,NA,-5,NA,-5,NA,8,NA
"337","eastern redcedar",3,-2,3,-2,3,-2,3,-1,2,-3,4,-3,3,NA,NA,-2,4,NA,NA
"338","eastern redcedar",3,-2,NA,-2,NA,NA,3,-2,NA,-2,NA,NA,3,NA,3,NA,3,6,NA
"339","eastern redcedar",3,-5,3,-4,3,-1,3,-3,4,-3,3,0,3,-4,3,-4,2,6,2
"340","eastern redcedar",1,NA,5,NA,5,-4,4,NA,5,NA,5,NA,5,NA,5,NA,5,NA,5
"341","eastern redcedar",4,-3,3,-2,3,-3,3,-3,3,-3,3,-3,3,-3,3,-3,3,3,3
"342","eastern redcedar",3,-1,2,-1,2,-1,2,-1,2,-1,2,-1,2,-1,2,-1,2,6,2
"343","eastern redcedar",4,-3,2,-3,2,-2,2,-1,3,-3,2,-2,2,-2,2,-2,2,10,1
"344","eastern redcedar",3,-4,1,-1,1,-3,3,3,2,-5,2,-2,1,-1,2,2,1,4,1
"345","eastern redcedar",3,-2,NA,-2,3,-1,2,-2,3,-2,3,0,1,-2,3,-2,3,3,4
"346","eastern redcedar",5,-2,3,-3,2,0,2,0,2,-4,2,-1,4,-3,3,-4,2,7,2
"347","eastern redcedar",3,-4,1,-4,1,-1,3,-4,1,-3,3,-3,3,-3,3,-2,3,6,3
"348","eastern redcedar",3,-3,4,-4,4,-2,4,-1,4,-3,3,-2,3,-1,3,-2,3,3,NA
"349","eastern redcedar",4,-2,3,-2,3,-1,3,1,3,0,1,0,1,-1,2,-2,3,4,3
"350","eastern redcedar",4,-5,1,-5,4,-2,2,-5,2,-4,2,-2,3,-1,3,-3,2,9,3
"351","eastern redcedar",3,-4,3,-3,4,-1,3,-2,3,-2,3,0,3,NA,NA,NA,NA,NA,NA
"352","eastern redcedar",5,-5,4,-5,5,-4,3,-3,4,-2,2,-4,2,-4,4,-4,3,10,4
"353","eastern redcedar",5,-4,1,-4,1,-4,2,-2,3,4,1,0,1,-4,1,-3,3,4,1
"354","eastern redcedar",4,-1,NA,-1,NA,-1,NA,-1,NA,-1,NA,0,NA,-1,NA,-1,NA,3,NA
"355","eastern redcedar",3,-5,1,-2,5,-3,4,-3,4,1,5,-3,5,-3,5,-3,2,6,2
"356","eastern redcedar",4,-4,2,-3,2,0,3,-4,2,-3,2,0,3,-1,3,-2,3,10,2
"357","eastern redcedar",4,-3,2,-3,2,-1,3,2,2,2,3,-1,2,-4,3,-3,2,6,2
"358","eastern redcedar",4,-2,3,-1,2,-2,2,-1,2,0,1,-1,2,0,1,-1,2,6,2
"359","eastern redcedar",4,-4,NA,-4,NA,-4,NA,-4,NA,NA,1,NA,NA,-3,NA,-4,NA,4,NA
"360","eastern redcedar",4,-4,1,-5,1,-2,4,1,3,-3,4,-2,4,-4,3,-4,2,6,3
"361","smooth brome",4,-5,2,-3,3,-2,3,-2,3,-1,4,0,4,-3,2,-4,2,7,3
"362","smooth brome",5,NA,NA,-2,NA,-1,NA,-2,NA,-1,NA,0,NA,-1,NA,NA,NA,7,NA
"363","smooth brome",NA,-2,NA,-2,NA,-2,NA,-2,NA,NA,NA,NA,NA,-2,NA,-2,NA,4,NA
"364","smooth brome",2,-2,4,-2,3,-1,3,-2,3,1,3,0,3,-2,3,-4,3,8,3
"365","smooth brome",5,0,1,0,1,0,1,0,1,0,1,0,1,-2,2,0,1,6,2
"366","smooth brome",4,-4,3,-4,4,0,3,-4,4,0,1,-3,2,-4,3,-4,3,4,3
"367","smooth brome",3,-5,4,0,2,0,2,0,2,0,2,-1,2,0,1,-5,2,10,3
"368","smooth brome",4,-3,2,-2,2,-3,3,-3,3,-3,3,-3,2,-3,3,-4,2,4,2
"369","smooth brome",1,NA,NA,NA,NA,NA,NA,NA,NA,NA,NA,NA,NA,NA,NA,NA,NA,NA,NA
"370","smooth brome",2,-2,3,-1,3,-1,2,-1,2,-1,3,-1,2,-2,2,-2,2,8,2
"371","smooth brome",3,-1,2,0,2,-1,2,-1,2,-1,3,-1,2,0,2,0,2,7,3
"372","smooth brome",3,0,2,0,2,0,3,0,3,0,3,0,2,0,3,0,3,1,2
"373","smooth brome",3,-5,4,-5,4,1,4,-4,3,0,4,-4,4,-5,5,-5,5,10,5
"374","smooth brome",2,-3,5,0,5,0,5,1,5,0,5,0,5,-1,5,0,5,NA,5
"375","smooth brome",2,-4,2,-2,3,0,3,-2,3,-2,3,0,5,-2,4,-2,3,4,2
"376","smooth brome",4,-5,NA,-5,NA,-4,NA,-5,NA,-2,NA,0,NA,-5,NA,-5,NA,6,NA
"377","smooth brome",2,0,1,0,1,0,1,0,1,0,1,0,1,NA,NA,0,1,NA,NA
"378","smooth brome",2,-1,NA,-1,NA,NA,3,NA,3,NA,2,NA,3,NA,3,NA,3,4,NA
"379","smooth brome",2,-2,2,-1,3,0,4,-1,4,0,3,0,2,-2,3,-2,3,3,3
"380","smooth brome",1,NA,5,NA,5,NA,5,NA,5,NA,5,NA,5,NA,5,NA,5,NA,5
"381","smooth brome",3,1,2,1,2,1,2,1,2,1,2,1,3,-1,3,1,3,3,3
"382","smooth brome",1,-1,2,-1,2,-1,2,-1,2,-1,2,-1,2,-1,2,-1,2,4,2
"383","smooth brome",2,-2,4,-2,4,0,4,1,4,0,3,-1,3,-3,3,-3,3,6,3
"384","smooth brome",3,-5,1,-5,1,0,2,-5,1,0,2,-5,1,-4,3,-5,1,5,1
"385","smooth brome",3,-2,NA,-2,3,-1,2,-1,3,-1,2,-1,2,-2,3,-2,3,4,3
"386","smooth brome",3,-2,4,-1,4,0,2,-2,5,0,3,-1,4,-3,3,-4,2,10,2
"387","smooth brome",2,-2,1,-3,3,-1,3,-3,3,0,3,-3,3,-3,3,-2,3,6,3
"388","smooth brome",5,-3,2,-1,2,0,2,0,1,0,3,-1,2,0,2,0,1,7,NA
"389","smooth brome",2,-1,2,2,3,0,1,1,2,0,1,0,1,-1,3,-1,2,7,3
"390","smooth brome",4,-5,1,-5,2,0,3,-5,2,-1,2,-1,3,-1,3,-4,3,9,3
"391","smooth brome",2,-3,2,-2,2,-2,3,-1,3,-2,3,0,3,NA,NA,NA,NA,NA,NA
"392","smooth brome",5,-5,5,-5,5,-2,2,-2,2,-1,3,-3,4,-2,4,-2,4,3,5
"393","smooth brome",1,0,3,0,4,0,2,0,3,0,3,0,1,-2,3,-3,3,2,3
"394","smooth brome",3,0,NA,-1,NA,0,NA,0,NA,0,NA,0,NA,0,NA,0,NA,1,NA
"395","smooth brome",2,0,5,0,5,0,5,0,5,0,5,-3,5,-1,5,-1,4,6,4
"396","smooth brome",3,-3,3,-3,3,0,3,-2,3,0,3,0,3,-1,3,-1,3,6,4
"397","smooth brome",2,0,4,0,4,-1,4,1,3,0,3,-2,4,-1,4,-1,4,1,4
"398","smooth brome",2,0,2,-1,1,0,2,-1,1,0,1,0,2,0,1,0,1,1,1
"399","smooth brome",5,-4,NA,-3,NA,-4,NA,-4,NA,NA,1,NA,1,-4,NA,-4,NA,4,NA
"400","smooth brome",NA,0,4,0,3,-1,4,-2,3,-2,NA,-3,4,-4,3,-5,1,8,2
